[{"model": "pen.category", "pk": 1, "fields": {"name": "シャーペン", "slug": "mechanical-pencil"}}, {"model": "pen.category", "pk": 2, "fields": {"name": "ボールペン", "slug": "ball-point-pen"}}, {"model": "pen.category", "pk": 3, "fields": {"name": "万年筆", "slug": "fountain-pen"}}, {"model": "pen.brand", "pk": 1, "fields": {"name": "ユニ(UNI)", "slug": "uni", "official_site_link": "https://www.mpuni.co.jp/"}}, {"model": "pen.brand", "pk": 2, "fields": {"name": "パイロット(Pilot)", "slug": "pilot", "official_site_link": "https://www.pilot.co.jp/"}}, {"model": "pen.brand", "pk": 3, "fields": {"name": "ゼブラ（ZEBRA）", "slug": "zebra", "official_site_link": "https://www.zebra.co.jp/"}}, {"model": "pen.brand", "pk": 4, "fields": {"name": "ファーバーカステル", "slug": "faber-castell", "official_site_link": "https://www.faber-castell.jp/"}}, {"model": "pen.brand", "pk": 5, "fields": {"name": "ラミー", "slug": "lamy", "official_site_link": "https://lamy.jp/"}}, {"model": "pen.brand", "pk": 6, "fields": {"name": "ロットリング", "slug": "rotring", "official_site_link": "https://www.rotring.com/jp/"}}, {"model": "pen.brand", "pk": 8, "fields": {"name": "カヴェコ", "slug": "kaweco", "official_site_link": "https://preco-corp.co.jp/brand/kaweco/"}}, {"model": "pen.brand", "pk": 9, "fields": {"name": "トンボ", "slug": "tombow", "official_site_link": "https://www.tombow.com/"}}, {"model": "pen.brand", "pk": 10, "fields": {"name": "オート", "slug": "ohto", "official_site_link": "https://ohto.co.jp/"}}, {"model": "pen.brand", "pk": 14, "fields": {"name": "プラチナ", "slug": "", "official_site_link": ""}}, {"model": "pen.tag", "pk": 1, "fields": {"name": "木軸", "slug": "wood"}}, {"model": "pen.tag", "pk": 2, "fields": {"name": "高級", "slug": "rich"}}, {"model": "pen.tag", "pk": 3, "fields": {"name": "安価", "slug": "low-price"}}, {"model": "pen.tag", "pk": 4, "fields": {"name": "ラバー", "slug": "rubber"}}, {"model": "pen.tag", "pk": 5, "fields": {"name": "おしゃれ", "slug": "osyare"}}, {"model": "pen.tag", "pk": 6, "fields": {"name": "限定", "slug": "limited"}}, {"model": "pen.tag", "pk": 7, "fields": {"name": "金属", "slug": "metal"}}, {"model": "pen.tag", "pk": 8, "fields": {"name": "ベストセラー", "slug": "best-seller"}}, {"model": "pen.tag", "pk": 9, "fields": {"name": "カラフル", "slug": "colorful"}}, {"model": "pen.tag", "pk": 10, "fields": {"name": "多機能", "slug": "functional"}}, {"model": "pen.tag", "pk": 11, "fields": {"name": "新商品", "slug": "new"}}, {"model": "pen.tag", "pk": 12, "fields": {"name": "製図用", "slug": "draft"}}, {"model": "pen.tag", "pk": 13, "fields": {"name": "極細", "slug": "extra-fine"}}, {"model": "pen.product", "pk": "01EYZ0NBP4GT46K3KJTFMEXYYR", "fields": {"name": "s20", "description": "パイロットの定番の木軸シャーペンです。", "category": 1, "price_yen": 2000, "brand": 2, "image": "", "image_src": "", "created_at": "2021-02-20T12:00:00Z", "updated_at": "2021-02-20T12:00:00Z", "amazon_link_to_buy": "", "rakuten_link_to_buy": "", "tag": [1, 2, 5]}}, {"model": "pen.product", "pk": "01EYZ0NBP4W5BYWQE7ENE7CSY6", "fields": {"name": "クルトガ　スタンダードモデル", "description": "心が尖り続けるシャープペンシルです。", "category": 1, "price_yen": 450, "brand": 1, "image": "", "image_src": "", "created_at": "2021-02-20T12:00:00Z", "updated_at": "2021-02-20T12:00:00Z", "amazon_link_to_buy": "", "rakuten_link_to_buy": "", "tag": [3, 8]}}, {"model": "pen.product", "pk": "01EYZ0NBP56N7G3VQVGH5R51X2", "fields": {"name": "ドクターグリップ　Gスペック", "description": "パイロットの定番フレフレシャープペンシルです。第２世代です。、", "category": 1, "price_yen": 800, "brand": 2, "image": "", "image_src": "", "created_at": "2021-02-20T12:00:00Z", "updated_at": "2021-02-20T12:00:00Z", "amazon_link_to_buy": "", "rakuten_link_to_buy": "", "tag": [4, 8]}}, {"model": "pen.product", "pk": "01EYZ0NBP5AYWANHYESCYAGAP3", "fields": {"name": "クルトガ ラバーグリップ付", "description": "ラバーグリップを付けて握りやすさにこだわった、長時間の筆記にも適した新モデルです。", "category": 1, "price_yen": 650, "brand": 1, "image": "", "image_src": "", "created_at": "2021-02-20T12:00:00Z", "updated_at": "2021-02-20T12:00:00Z", "amazon_link_to_buy": "", "rakuten_link_to_buy": "", "tag": [4]}}, {"model": "pen.product", "pk": "01EYZ0NBPNK540VZAPMNJ201JY", "fields": {"name": "クルトガ ハイグレードモデル", "description": "低重心構造で安定した書き心地を得られ、高級感あるアルミグリップタイプです。", "category": 1, "price_yen": 1000, "brand": 1, "image": "", "image_src": "", "created_at": "2021-02-20T12:00:00Z", "updated_at": "2021-02-20T12:00:00Z", "amazon_link_to_buy": "", "rakuten_link_to_buy": "", "tag": [7, 9, 10]}}, {"model": "pen.product", "pk": "01EYZ0NBPP79DR9SDCES9XPJJK", "fields": {"name": "クルトガ ローレットモデル", "description": "グリップの握りやすさにこだわったローレットモデルで、高級感も備えたモデルです。", "category": 1, "price_yen": 1300, "brand": 1, "image": "", "image_src": "", "created_at": "2021-02-20T12:00:00Z", "updated_at": "2021-02-20T12:00:00Z", "amazon_link_to_buy": "", "rakuten_link_to_buy": "", "tag": [7, 9, 10]}}, {"model": "pen.product", "pk": "01EYZ0NBPQJ0V6YHK8T9H2KQZ5", "fields": {"name": "クルトガアドバンス　アップグレードモデル", "description": "デザイン性のあるスタイリッシュなパンチンググリップを採用", "category": 1, "price_yen": 1000, "brand": 1, "image": "", "image_src": "", "created_at": "2021-02-20T12:00:00Z", "updated_at": "2021-02-20T12:00:00Z", "amazon_link_to_buy": "", "rakuten_link_to_buy": "", "tag": [7, 10]}}, {"model": "pen.product", "pk": "01EYZ0NBPQWRJ334W8KVQD82YX", "fields": {"name": "クルトガアドバンス", "description": "書き続けても文字の濃さも太さも変わらないため、キレイな文字を書くことができます。", "category": 1, "price_yen": 550, "brand": 2, "image": "", "image_src": "", "created_at": "2021-02-20T12:00:00Z", "updated_at": "2021-02-20T12:00:00Z", "amazon_link_to_buy": "", "rakuten_link_to_buy": "", "tag": [3, 10]}}, {"model": "pen.product", "pk": "01EYZ0NBPR8FS3VXWNFD9CC9ZY", "fields": {"name": "アルファゲル スイッチ", "description": "一定の細さ・濃さでキレイな文字を書きたいときには、“クルトガモード”、安定した筆記感でたくさん書きたいときには、“ホールドモード”と切り替えて使うことができます。", "category": 1, "price_yen": 1000, "brand": 1, "image": "", "image_src": "", "created_at": "2021-02-20T12:00:00Z", "updated_at": "2021-02-20T12:00:00Z", "amazon_link_to_buy": "", "rakuten_link_to_buy": "", "tag": [4, 10]}}, {"model": "pen.product", "pk": "01EYZ0NBPRJCQQ2ZCQ2F4KK9HA", "fields": {"name": "アルファゲル <クルトガエンジン搭載タイプ>", "description": "グリップ部分にやわらかいゲル状の衝撃吸収素材アルファゲルを採用しました。 （アルファゲルは、株式会社タイカの登録商標です。）", "category": 1, "price_yen": 850, "brand": 1, "image": "", "image_src": "", "created_at": "2021-02-20T12:00:00Z", "updated_at": "2021-02-20T12:00:00Z", "amazon_link_to_buy": "", "rakuten_link_to_buy": "", "tag": [4, 10]}}, {"model": "pen.product", "pk": "01EYZ0NBPS6B8H28XARPAMTVND", "fields": {"name": "アルファゲル<シャカシャカ機構搭載モデル>", "description": "やわらかくて弾力性のあるアルファゲルをグリップ部に採用。抜群のフィット感と癒される握り心地を実現。 （アルファゲルは、株式会社タイカの登録商標です。）", "category": 1, "price_yen": 600, "brand": 1, "image": "", "image_src": "", "created_at": "2021-02-20T12:00:00Z", "updated_at": "2021-02-20T12:00:00Z", "amazon_link_to_buy": "", "rakuten_link_to_buy": "", "tag": [4]}}, {"model": "pen.product", "pk": "01EYZ0NBPSMWX131SYGNGFXC9C", "fields": {"name": "アルファゲル<スリムタイプ>", "description": "やわらかくて弾力性のあるアルファゲルをグリップ部に採用。抜群のフィット感と癒される握り心地を実現。 （アルファゲルは、株式会社タイカの登録商標です。）", "category": 1, "price_yen": 800, "brand": 1, "image": "", "image_src": "", "created_at": "2021-02-20T12:00:00Z", "updated_at": "2021-02-20T12:00:00Z", "amazon_link_to_buy": "", "rakuten_link_to_buy": "", "tag": [4]}}, {"model": "pen.product", "pk": "01EYZ0NBPT7C21HSKQT1WM6KAN", "fields": {"name": "シフト", "description": "ロング先端パイプ、金属を削りだしたローレット加工グリップ、メタルクリップなど、製図用シャープとしての特長に加え、ON/OFFの切り替えを可能とするシフト機構", "category": 1, "price_yen": 1000, "brand": 1, "image": "", "image_src": "", "created_at": "2021-02-20T12:00:00Z", "updated_at": "2021-02-20T12:00:00Z", "amazon_link_to_buy": "", "rakuten_link_to_buy": "", "tag": [7, 10, 12]}}, {"model": "pen.product", "pk": "01EYZ0NBPTGKR2N4E5DWZWCTM9", "fields": {"name": "ジェットストリーム スタンダード", "description": "超・低摩擦ジェットストリームインク搭載。従来の油性ボールペンと比較して、摩擦係数が最大50％軽減されています。顔料と新しい色材を組み合わせることにより、くっきりと濃い描線を実現。また、速乾性にも優れています", "category": 2, "price_yen": 150, "brand": 1, "image": "", "image_src": "", "created_at": "2021-02-20T12:00:00Z", "updated_at": "2021-02-20T12:00:00Z", "amazon_link_to_buy": "", "rakuten_link_to_buy": "", "tag": [3]}}, {"model": "pen.product", "pk": "01EYZ0NBPVP428BF7ZERHBEQVH", "fields": {"name": "ジェットストリーム アルファゲルグリップ", "description": "超・低摩擦ジェットストリームインク搭載。グリップ部分にやわらかいゲル状の衝撃吸収素材α-gel（アルファゲル）を採用しました。 　（「α-gel」は、（株）タイカの登録商標です。）", "category": 2, "price_yen": 1000, "brand": 1, "image": "", "image_src": "", "created_at": "2021-02-20T12:00:00Z", "updated_at": "2021-02-20T12:00:00Z", "amazon_link_to_buy": "", "rakuten_link_to_buy": "", "tag": [4]}}, {"model": "pen.product", "pk": "01EYZ0NBPVPN580RK42KF6C51N", "fields": {"name": "ピュアモルト（オークウッド・プレミアム・エディション） キャップ式", "description": "何十年にもわたりウイスキー樽として使用されていたオーク材を、シャープ素材にしました。木の優しい質感とぬくもりが手にしっくりなじむ生涯を共にしたい一本。", "category": 1, "price_yen": 5000, "brand": 1, "image": "", "image_src": "", "created_at": "2021-02-20T12:00:00Z", "updated_at": "2021-02-20T12:00:00Z", "amazon_link_to_buy": "", "rakuten_link_to_buy": "", "tag": [1, 2]}}, {"model": "pen.product", "pk": "01EYZ0NBPWP2B57R4P7T3TK0Z0", "fields": {"name": "ドクターグリップエース", "description": "長時間の勉強も快適に。勉強全力サポートのシャープペンシル「ドクターグリップエース」登場！\n疲れにくく、芯が折れない、進化したドクターグリップが４つの機能でサポートします。", "category": 1, "price_yen": 800, "brand": 2, "image": "", "image_src": "", "created_at": "2021-02-20T12:00:00Z", "updated_at": "2021-02-20T12:00:00Z", "amazon_link_to_buy": "", "rakuten_link_to_buy": "", "tag": [4, 10]}}, {"model": "pen.product", "pk": "01EYZ0NBPWRSQVV619N00E0G90", "fields": {"name": "ピュアモルト", "description": "何十年にもわたりウイスキー樽として使用されていたオーク材を、シャープ素材にしました。木の優しい質感とぬくもりが手にしっくりなじむ生涯を共にしたい一本。", "category": 1, "price_yen": 1000, "brand": 1, "image": "", "image_src": "", "created_at": "2021-02-20T12:00:00Z", "updated_at": "2021-02-20T12:00:00Z", "amazon_link_to_buy": "", "rakuten_link_to_buy": "", "tag": [1]}}, {"model": "pen.product", "pk": "01EZ3N5AHDM90SVDGRVRHZ0RNF", "fields": {"name": "デルガード タイプGR", "description": "指が痛くないグリップ付きで折れずに書ける", "category": 1, "price_yen": 700, "brand": 4, "image": "", "image_src": "", "created_at": "2021-02-20T12:00:00Z", "updated_at": "2021-02-20T12:00:00Z", "amazon_link_to_buy": "", "rakuten_link_to_buy": "", "tag": [7]}}, {"model": "pen.product", "pk": "01EZ3N5AHDVC525TC4SZ508NRW", "fields": {"name": "デルガード+2C", "description": "デルガード＋ボールペン", "category": 1, "price_yen": 1200, "brand": 3, "image": "", "image_src": "", "created_at": "2021-02-20T12:00:00Z", "updated_at": "2021-02-20T12:00:00Z", "amazon_link_to_buy": "", "rakuten_link_to_buy": "", "tag": [4, 10]}}, {"model": "pen.product", "pk": "01EZ3N82PNSJGJ2WYZT918Y217", "fields": {"name": "ジェットストリーム　エッジ", "description": "油性ボールペン初となる、世界最小ボール径0.28mm", "category": 2, "price_yen": 1000, "brand": 1, "image": "", "image_src": "", "created_at": "2021-02-20T12:00:00Z", "updated_at": "2021-02-20T12:00:00Z", "amazon_link_to_buy": "", "rakuten_link_to_buy": "", "tag": [5, 7, 13]}}, {"model": "pen.product", "pk": "01EZ3N82PP39GY8W7BD2AQ2Z74", "fields": {"name": "スーパーグリップG　ノック式", "description": "新開発のグリッドグリップでしっかり握れる。油性ボールペンの新定番。グリップに格子状のスリットを入れることで、指の動きをしっかりホールドできる新開発のグリッドグリップを採用。従来品の「スーパーグリップ」に比べて、グリップ力を向上させたことで、握る力の強弱にかかわらず、しっかり指先をホールドできます。ペン先近くまでグリッドグリップで覆うことで、持ち方や持つ位置にかかわらず握りやすくなりました。", "category": 2, "price_yen": 100, "brand": 2, "image": "", "image_src": "", "created_at": "2021-02-20T12:00:00Z", "updated_at": "2021-02-20T12:00:00Z", "amazon_link_to_buy": "", "rakuten_link_to_buy": "", "tag": [3]}}, {"model": "pen.product", "pk": "01EZ3N82PP76EPZQMS6839DVWA", "fields": {"name": "ジェットストリーム プライム 回転繰り出し式シングル", "description": "ペン先の繰り出し動作に適度な重みをもたせ、回転繰り出し式シングルに求められる上質な操作感を表現しています。", "category": 2, "price_yen": 3000, "brand": 1, "image": "", "image_src": "", "created_at": "2021-02-20T12:00:00Z", "updated_at": "2021-02-20T12:00:00Z", "amazon_link_to_buy": "", "rakuten_link_to_buy": "", "tag": [2, 7]}}, {"model": "pen.product", "pk": "01EZ3N82PR0ZNGQ8A31EGJKXNK", "fields": {"name": "タプリクリップ", "description": "たっぷりインク,バインダークリップ,ロングラバーグリップ", "category": 2, "price_yen": 100, "brand": 3, "image": "", "image_src": "", "created_at": "2021-02-20T12:00:00Z", "updated_at": "2021-02-20T12:00:00Z", "amazon_link_to_buy": "", "rakuten_link_to_buy": "", "tag": [3]}}, {"model": "pen.product", "pk": "01EZ6HCSZH0RNBMGA60GXA333P", "fields": {"name": "LAMY safari candy mango 万年筆", "description": "2020年発売の限定カラー。ジューシーなキャンディカラー3色のうちのひとつ。アイコニックなワイヤークリップとボディが同色で統一されたポップな仕上がりです。", "category": 3, "price_yen": 1000, "brand": 5, "image": "", "image_src": "", "created_at": "2021-02-20T12:00:00Z", "updated_at": "2021-02-20T12:00:00Z", "amazon_link_to_buy": "", "rakuten_link_to_buy": "", "tag": [2]}}, {"model": "pen.product", "pk": "01EZ6HCSZHMKTBHFNQPDYRRT2H", "fields": {"name": "キャップレスLS", "description": "新機構「ノック＆ツイスト」搭載", "category": 3, "price_yen": 35000, "brand": 2, "image": "", "image_src": "", "created_at": "2021-02-20T12:00:00Z", "updated_at": "2021-02-20T12:00:00Z", "amazon_link_to_buy": "", "rakuten_link_to_buy": "", "tag": [2]}}, {"model": "pen.product", "pk": "01EZ6HCSZHWGMPMHGEQAP4702M", "fields": {"name": "カスタム 743", "description": "本格派のための現代の書き味を追求したカスタムシリーズ。「カスタム743」は大きい15号サイズのペン先を使用しているので、ゆったりとしなやかで心地よい書き味を実現しています。", "category": 3, "price_yen": 30000, "brand": 2, "image": "", "image_src": "", "created_at": "2021-02-20T12:00:00Z", "updated_at": "2021-02-20T12:00:00Z", "amazon_link_to_buy": "", "rakuten_link_to_buy": "", "tag": [2]}}, {"model": "pen.product", "pk": "01EZ6HCSZKE2CT65CXM1FAEBY1", "fields": {"name": "スペシャル ブルー 万年筆", "description": "kaweco(カヴェコ)のSPECIALシリーズにブルーエディションが登場。。", "category": 3, "price_yen": 11000, "brand": 8, "image": "", "image_src": "", "created_at": "2021-02-20T12:00:00Z", "updated_at": "2021-02-20T12:00:00Z", "amazon_link_to_buy": "", "rakuten_link_to_buy": "", "tag": [2]}}, {"model": "pen.product", "pk": "01EZ6HCSZKSBMN82XTBA7M8G23", "fields": {"name": "ブライヤー #63 ブライヤーシェル", "description": "センチュリーシリーズ。", "category": 3, "price_yen": 50000, "brand": 14, "image": "products/default.jpg", "image_src": null, "created_at": "2021-02-20T12:00:00Z", "updated_at": "2021-03-22T11:14:40.379Z", "amazon_link_to_buy": null, "rakuten_link_to_buy": null, "tag": [2]}}, {"model": "pen.favproduct", "pk": 2, "fields": {"is_favorite": false, "fav_user": "01F02WMKMEP7AMQ859595GEK37", "product": "01EYZ0NBPVP428BF7ZERHBEQVH", "created_at": "2021-03-06T05:32:05.462Z"}}, {"model": "pen.favproduct", "pk": 3, "fields": {"is_favorite": false, "fav_user": "01EYZ0NBPX3WWCH9D1652YGP4G", "product": "01EYZ0NBPTGKR2N4E5DWZWCTM9", "created_at": "2021-03-06T05:32:12.536Z"}}, {"model": "pen.favproduct", "pk": 4, "fields": {"is_favorite": false, "fav_user": "01F02WMKMEP7AMQ859595GEK37", "product": "01EYZ0NBPTGKR2N4E5DWZWCTM9", "created_at": "2021-03-06T07:40:05.282Z"}}, {"model": "pen.favproduct", "pk": 5, "fields": {"is_favorite": true, "fav_user": "01F02WMKMEP7AMQ859595GEK37", "product": "01EYZ0NBP4GT46K3KJTFMEXYYR", "created_at": "2021-03-11T02:34:28.442Z"}}, {"model": "pen.favproduct", "pk": 6, "fields": {"is_favorite": false, "fav_user": "01F02WMKMEP7AMQ859595GEK37", "product": "01EYZ0NBPVPN580RK42KF6C51N", "created_at": "2021-03-11T02:51:59.580Z"}}, {"model": "pen.favproduct", "pk": 7, "fields": {"is_favorite": false, "fav_user": "01F02WMKMEP7AMQ859595GEK37", "product": "01EZ3N82PP39GY8W7BD2AQ2Z74", "created_at": "2021-03-18T13:42:11.259Z"}}, {"model": "pen.favproduct", "pk": 8, "fields": {"is_favorite": true, "fav_user": "01EYZ0NBPXP9MBC2K1X417ZJAG", "product": "01EYZ0NBPTGKR2N4E5DWZWCTM9", "created_at": "2021-03-18T15:00:00.906Z"}}, {"model": "pen.review", "pk": "01EYZ0NBQCB4G49C6P85CSDZMQ", "fields": {"product": "01EYZ0NBP56N7G3VQVGH5R51X2", "title": "nice", "stars_of_design": 2, "stars_of_durability": 4, "stars_of_usefulness": 4, "stars_of_function": 3, "stars_of_easy_to_get": 4, "good_point_text": "good", "bad_point_text": "bad", "reviewer": "01EYZ0NBPY53MTZYGFZJK1JGKK", "created_at": "2021-02-20T12:00:00Z"}}, {"model": "pen.review", "pk": "01EYZ0NBQCFK3MNB2VQTK7SJQ2", "fields": {"product": "01EYZ0NBP4W5BYWQE7ENE7CSY6", "title": "nice", "stars_of_design": 2, "stars_of_durability": 4, "stars_of_usefulness": 4, "stars_of_function": 3, "stars_of_easy_to_get": 4, "good_point_text": "good", "bad_point_text": "bad", "reviewer": "01EYZ0NBPXP9MBC2K1X417ZJAG", "created_at": "2021-02-20T12:00:00Z"}}, {"model": "pen.review", "pk": "01EYZ0NBQCQY989TYTW0A2N7F5", "fields": {"product": "01EYZ0NBP4GT46K3KJTFMEXYYR", "title": "nice", "stars_of_design": 2, "stars_of_durability": 4, "stars_of_usefulness": 4, "stars_of_function": 3, "stars_of_easy_to_get": 4, "good_point_text": "good", "bad_point_text": "bad", "reviewer": "01EYZ0NBPX3WWCH9D1652YGP4G", "created_at": "2021-02-20T12:00:00Z"}}, {"model": "pen.review", "pk": "01F032EJH8S11QR4DGWV4W068T", "fields": {"product": "01EYZ0NBP56N7G3VQVGH5R51X2", "title": "f", "stars_of_design": 4, "stars_of_durability": 4, "stars_of_usefulness": 4, "stars_of_function": 4, "stars_of_easy_to_get": 5, "good_point_text": "f", "bad_point_text": "f", "reviewer": "01F02WMKMEP7AMQ859595GEK37", "created_at": "2021-03-19T07:12:17.099Z"}}, {"model": "pen.review", "pk": "01F12V2T1Z90Q3NT2JA5SAFD44", "fields": {"product": "01EYZ0NBPTGKR2N4E5DWZWCTM9", "title": "2", "stars_of_design": 2, "stars_of_durability": 2, "stars_of_usefulness": 2, "stars_of_function": 2, "stars_of_easy_to_get": 2, "good_point_text": "2", "bad_point_text": "2", "reviewer": "01F02WMKMEP7AMQ859595GEK37", "created_at": "2021-03-19T05:15:32.494Z"}}]